Postcode,LADCD
02460,
74900,
AB106UT,S12000033
AB115RE,S12000033
AB228GT,S12000033
AB393YG,S12000034
AB513XW,S12000034
AB515NQ,S12000034
AL109EW,E07000241
AL109NJ,E07000241
AL14DL,E07000240
AL22DQ,E07000240
AL34DA,E07000240
AL35BH,E07000240
AL35JU,E07000240
AL40PP,E07000240
AL53PE,E07000240
AL54ES,E07000240
B11JL,E08000025
B12RA,E08000025
B13AG,E08000025
B13EA,E08000025
B13JR,E08000025
B13PE,E08000025
B153ES,E08000025
B168SP,E08000025
B186NG,E08000025
B25ST,E08000025
B31RL,E08000025
B32ES,E08000025
B46AA,E08000025
B496HW,E07000221
B604BD,E07000234
B721QY,E08000025
B798RH,E07000199
B989DD,E07000234
BA100AH,E06000066
BA100LQ,E06000066
BA111DG,E06000066
BA111HR,E06000066
BA111PT,E06000066
BA114FN,E06000066
BA11BE,E06000022
BA11BT,E06000022
BA11JW,E06000022
BA11RG,E06000022
BA12FJ,E06000022
BA12FX,E06000022
BA12NN,E06000022
BA12QP,E06000022
BA13DS,E06000022
BA146RL,E06000054
BA148RN,E06000054
BA151AB,E06000054
BA15BT,E06000022
BA160FB,E06000066
BA20DL,E06000022
BA227FS,E06000066
BA23DZ,E06000022
BA23FT,E06000022
BA23NE,E06000022
BA26AA,E06000022
BA26AG,E06000022
BA26NG,E06000022
BA27BG,E06000022
BA27SB,E06000022
BA29BR,E06000022
BA30DL,
BA35EN,E06000066
BA45BY,E06000066
BA46PZ,E06000066
BA51JJ,E06000066
BA51LQ,E06000066
BA68NX,E06000066
BA98JJ,E06000066
BB89BJ,E07000122
BD183LA,E08000032
BD194TT,E08000034
BD233AN,E06000065
BH11BZ,E06000058
BH11JN,E06000058
BH125DL,E06000058
BH13SN,E06000058
BH140JY,E06000058
BH151HA,E06000058
BH166FA,E06000059
BH233TG,E06000058
BH236NW,E06000058
BH241EL,E07000091
BH241SF,E07000091
BH25LP,E06000058
BH25LT,E06000058
BH88EZ,E06000058
BL70BY,E06000008
BL83PL,E08000002
BN111HR,E07000229
BN113BA,E07000229
BN11AD,E06000043
BN11EG,E06000043
BN11HW,E06000043
BN11NF,E06000043
BN11UF,E06000043
BN11YR,E06000043
BN124QY,E07000229
BN12RE,E06000043
BN13PD,E06000043
BN14AJ,E06000043
BN14DU,E06000043
BN14GH,E06000043
BN14GQ,E06000043
BN14TA,E06000043
BN158AF,E07000223
BN162UB,E07000224
BN16AF,E06000043
BN176LS,E07000224
BN177GA,E07000224
BN19SB,E07000063
BN21RE,E06000043
BN228PW,E07000061
BN23PH,E06000043
BN24GL,E06000043
BN265TU,E07000065
BN31DH,E06000043
BN31RF,E06000043
BN32AF,E06000043
BN32PJ,E06000043
BN33BQ,E06000043
BN33JQ,E06000043
BN33RG,E06000043
BN36AH,E06000043
BN411GG,E06000043
BN424BW,E07000223
BN436PB,E07000223
BN436RE,E07000223
BN457AG,E07000228
BN68TP,E07000063
BN72BE,E07000063
BN72DG,E07000063
BN72FQ,E07000063
BN72NZ,E07000063
BN84SW,E07000063
BN90BX,E07000063
BR26AP,E09000006
BR36NE,E09000006
BR68ES,E09000006
BS106NF,E06000023
BS110DD,E06000023
BS118AF,E06000023
BS119FB,E06000023
BS11LT,E06000023
BS12NH,E06000023
BS13AE,E06000023
BS13RD,E06000023
BS140BU,E06000022
BS14JZ,E06000023
BS14LH,E06000023
BS14QS,E06000023
BS14RW,E06000023
BS14RWUK,
BS14TD,E06000023
BS14XE,E06000023
BS15AS,E06000023
BS15SY,E06000023
BS15TB,E06000023
BS161GW,E06000025
BS167FR,E06000025
BS16AA,E06000023
BS16BX,E06000023
BS16EG,E06000023
BS16JG,E06000023
BS16JQ,E06000023
BS16NL,E06000023
BS16NP,E06000023
BS16PU,E06000023
BS16QA,E06000023
BS16XG,E06000023
BS16XN,E06000023
BS16ZA,E06000023
BS200DD,E06000024
BS20JA,E06000023
BS20NS,E06000023
BS216SR,E06000024
BS228NG,E06000024
BS248EF,E06000024
BS28DB,E06000023
BS28NX,E06000023
BS28PE,E06000023
BS28QH,E06000023
BS28UH,E06000023
BS305RL,E06000025
BS31FJ,E06000023
BS31QU,E06000023
BS31TF,E06000023
BS324JT,E06000025
BS324TD,E06000025
BS348RB,E06000025
BS34AL,E06000023
BS34EH,E06000023
BS353QH,E06000025
BS353SH,E06000025
BS376AA,E06000025
BS376BJ,E06000025
BS405PA,E06000024
BS407RE,E06000024
BS419JN,E06000024
BS41ET,E06000023
BS43AP,E06000023
BS43EH,E06000023
BS44EU,E06000023
BS44EX,E06000023
BS45EN,E06000023
BS483HH,E06000024
BS50ES,E06000023
BS66BW,E06000023
BS66DJ,E06000023
BS78AA,E06000023
BS81DJ,E06000023
BS81HB,E06000023
BS81HP,E06000023
BS82HY,E06000023
BS83NE,E06000023
BS83RA,E06000024
BS84PJ,E06000023
BS91SH,E06000023
BS94PN,E06000023
BT15EA,N09000003
BT189HW,N09000011
BT283AJ,N09000007
BT294JN,N09000007
BT343FN,N09000010
BT487EL,N09000005
BT619LW,N09000002
BT937DX,N09000006
BT95JU,N09000003
CA15,
CA158NT,E07000026
CB12JH,E07000008
CB21AG,E07000008
CB223TJ,E07000012
CB225EG,E07000012
CB225LD,E07000012
CB40WS,E07000008
CB63NX,E07000009
CB87EA,E07000245
CF101BR,W06000015
CF101FS,W06000015
CF103AG,W06000015
CF105AD,W06000015
CF105LS,W06000015
CF119BE,W06000015
CF145DU,W06000015
CF145GH,W06000015
CF235EW,W06000015
CF240ED,W06000015
CF245AB,W06000015
CF51FA,W06000015
CF52JH,W06000015
CF55TD,W06000015
CF644JS,W06000014
CF827TT,W06000018
CF833GG,W06000018
CH11QE,E06000050
CH11SL,E06000050
CH12LF,E06000050
CH13BQ,E06000050
CH14QT,E06000050
CH35DB,E06000050
CH39HW,E06000050
CH416AU,E08000015
CH49EP,E06000050
CH53YE,W06000005
CH623NX,E08000015
CH645FE,E06000050
CH654FE,E06000050
CH74TB,W06000004
CM120EQ,E07000066
CM144DR,E07000068
CM166FJ,E07000072
CM27JA,E07000070
CM32DP,E07000067
CM73RU,E07000067
CM83YE,E07000067
CM96PN,E07000074
CO102TD,E07000200
CO11NX,E07000071
CO20LT,E07000071
CO43ZQ,E07000071
CO58NA,E07000071
CO59SE,E07000067
CO59US,E07000071
CO62PB,E07000067
CO64AP,E07000071
COOPERPARRY,
CR01DN,E09000008
CR01QG,E09000008
CR06EB,E09000008
CR06JL,E09000008
CR36ND,E07000215
CR85LX,E09000008
CT119LD,E07000114
CT11TU,E07000106
CT12TU,E07000106
CT139FA,E07000108
CT214EH,E07000112
CT47JD,E07000106
CT91RP,E07000114
CV211FD,E07000220
CV22TX,E08000026
CV311XT,E07000222
CV325AE,E07000222
CV325QL,E07000222
CV327AB,E07000222
CV32UN,E08000026
CV345LZ,E07000222
CV350AA,E07000221
CV364PE,E07000221
CV376HB,E07000221
CV376JG,E07000221
CV376YW,E07000221
CV66AT,E08000026
CW124NN,E06000049
CW60PG,E06000050
CW69YH,E06000050
CW81PF,E06000050
DA110BF,E07000109
DA51LR,E09000004
DD48UQ,S12000042
DE126BA,E07000134
DE12RJ,E06000015
DE216AS,E06000015
DE223AD,E06000015
DH11ST,E06000047
DH11TW,E06000047
DH15TS,E06000047
DH97XN,E06000047
DL83UZ,E06000065
DN159YJ,E06000013
DT102RN,E06000059
DT63RB,E06000059
DT73TY,E07000040
DT93NJ,E06000059
DY101BN,E07000239
DY104EU,E07000238
DY76EB,E07000196
DY82XD,E07000234
E107QE,E09000031
E107QF,E09000031
E107QP,E09000031
E10BH,E09000030
E114RA,E09000031
E11EJ,E09000030
E11EW,E09000030
E11FX,E09000030
E130AQ,E09000025
E13EX,E09000030
E145EU,E09000030
E146RN,E09000030
E148PX,E09000030
E15JL,E09000030
E15LP,E09000030
E161ZA,E09000025
E164TL,E09000025
E16DY,E09000030
E16HU,E09000012
E16JJ,E09000012
E16NN,E09000030
E16PX,E09000030
E16QL,E09000030
E16QR,E09000030
E175QJ,E09000031
E179BZ,E09000031
E18DE,E09000030
E18FA,E09000030
E18PY,E09000030
E18QS,E09000030
E201BU,E09000025
E26GG,E09000030
E27DD,E09000012
E27DJ,E09000030
E27EY,E09000030
E28AA,E09000012
E28DD,E09000012
E28EX,E09000012
E28HD,E09000012
E28HL,E09000012
E28JF,E09000012
E29DG,E09000030
E32GU,E09000030
E32XN,E09000030
E58BQ,E09000012
E59ST,E09000012
E70AL,E09000031
E79DL,E09000025
E82FN,E09000012
E82NG,E09000012
E83DL,E09000012
E83LY,E09000012
E83PN,E09000012
E83QA,E09000012
E83QB,E09000012
E83QE,E09000012
E83RH,E09000012
E83RL,E09000012
E83SB,E09000012
E83SJ,E09000012
E84ED,E09000012
E84NL,E09000012
E84QN,E09000012
E84QS,E09000012
E95EN,E09000030
EC1A2BN,E09000001
EC1A7DH,E09000001
EC1A7ES,E09000001
EC1A7HU,E09000001
EC1A9HA,E09000001
EC1A9HP,E09000001
EC1M3JU,E09000007
EC1M4BS,E09000019
EC1M5RR,E09000019
EC1M5UE,E09000019
EC1M6DX,E09000019
EC1M6EH,E09000019
EC1M6HA,E09000019
EC1M6HJ,E09000019
EC1N2HT,E09000001
EC1N2LE,E09000001
EC1N2SW,E09000007
EC1N7RJ,E09000007
EC1N8HN,E09000007
EC1N8LE,E09000007
EC1N8SB,E09000007
EC1N8UW,E09000007
EC1R0AT,E09000019
EC1R0DE,E09000019
EC1R0DG,E09000019
EC1R0EB,E09000019
EC1R0JH,E09000019
EC1R0LT,E09000019
EC1R0LY,E09000019
EC1R0NE,E09000019
EC1R0QB,E09000019
EC1R3BW,E09000019
EC1R3BX,E09000019
EC1R4QL,E09000019
EC1R4TD,E09000007
EC1R5AR,E09000007
EC1R5DX,E09000007
EC1V0DS,E09000019
EC1V0JP,E09000019
EC1V1JN,E09000012
EC1V1LR,E09000019
EC1V2NX,E09000019
EC1V2PT,E09000019
EC1V2PY,E09000019
EC1V3AG,E09000019
EC1V3AJ,E09000019
EC1V3PS,E09000019
EC1V3QG,E09000019
EC1V4PA,E09000019
EC1V7DO,E09000019
EC1V7DP,E09000019
EC1V7NL,E09000019
EC1V8BR,E09000019
EC1V9BJ,E09000019
EC1V9DD,E09000019
EC1V9EY,E09000012
EC1V9HW,E09000019
EC1Y1HQ,E09000019
EC1Y8AF,E09000019
EC1Y8RQ,E09000019
EC2A1AH,E09000019
EC2A2AP,E09000012
EC2A2BB,E09000019
EC2A2EZ,E09000012
EC2A3AH,E09000012
EC2A3BA,E09000012
EC2A3BX,E09000012
EC2A3DR,E09000012
EC2A3EJ,E09000012
EC2A3EY,E09000012
EC2A3JT,E09000012
EC2A3NG,E09000012
EC2A3NT,E09000012
EC2A3PB,E09000012
EC2A3PD,E09000012
EC2A3PE,E09000012
EC2A3QN,E09000012
EC2A3QQ,E09000012
EC2A3QT,E09000012
EC2A4AA,E09000019
EC2A4BT,E09000012
EC2A4EA,E09000019
EC2A4EG,E09000012
EC2A4ER,E09000012
EC2A4HJ,E09000012
EC2A4JA,E09000012
EC2A4JU,E09000019
EC2A4N,
EC2A4NE,E09000012
EC2A4NF,E09000012
EC2A4NU,E09000012
EC2A4PS,E09000012
EC2M1QS,E09000001
EC2M2EF,E09000019
EC2M3TY,E09000001
EC2M4YN,E09000001
EC2M4YP,E09000001
EC2M5QQ,E09000001
EC2N3AR,E09000001
EC2R7HJ,E09000001
EC2R8AR,E09000001
EC2R8DD,E09000001
EC2R8EJ,E09000001
EC2V5BR,E09000001
EC2V5DD,E09000001
EC2V6AA,E09000001
EC2V7NG,E09000001
EC2V7NQ,E09000001
EC2V7PG,E09000001
EC2Y5AS,E09000001
EC2Y5EA,E09000001
EC2Y5EB,E09000001
EC3A4AF,E09000001
EC3A5BZ,E09000001
EC3A7BA,E09000001
EC3A7LN,E09000001
EC3M1BD,E09000001
EC3M1EB,E09000001
EC3M4AJ,E09000001
EC3M6BL,E09000001
EC3M7HA,E09000001
EC3N1LJ,E09000001
EC3N2PJ,E09000001
EC3R6DL,E09000001
EC3R6EN,E09000001
EC3R6HD,E09000001
EC3R8HL,E09000001
EC3V9AH,E09000001
EC4A1AZ,E09000001
EC4A1HP,E09000001
EC4A1LT,E09000001
EC4A2DQ,E09000001
EC4A3AT,E09000001
EC4A3TW,E09000001
EC4A4AB,E09000001
EC4M7AN,E09000001
EC4N7AF,E09000001
EC4P4DQ,E09000019
EC4R0AA,E09000001
EC4R1BE,E09000001
EC4V4AB,E09000001
EC4V4EG,E09000001
EC4V5EQ,E09000001
EC4Y0AB,E09000001
EC4Y0HP,E09000001
EC4Y8EN,E09000001
ECV12NX,
EH11TE,S12000036
EH12JY,S12000036
EH13EG,S12000036
EH209LZ,S12000019
EH21EW,S12000036
EH234FU,S12000019
EH23BU,S12000036
EH24AN,S12000036
EH24AX,S12000036
EH299ES,S12000036
EH36AA,S12000036
EH36DS,S12000036
EH36NW,S12000036
EH36SU,S12000036
EH375UT,S12000019
EH37AU,S12000036
EH37JA,S12000036
EH37JF,S12000036
EH38BL,S12000036
EH394AE,S12000010
EH39DR,S12000036
EH39DS,S12000036
EH525LH,S12000040
EH548SF,S12000040
EH6,
EH64DQ,S12000036
EH65LJ,S12000036
EH66HB,S12000036
EH66RA,S12000036
EH76UL,S12000036
EN13EF,E09000010
EX11RS,E07000041
EX11TS,E07000041
EX12JY,E07000041
EX135AH,E07000040
EX141PY,E07000040
EX141XH,E07000040
EX227SH,E07000046
EX24AN,E07000041
EX24DN,E07000041
EX25TU,E07000041
EX28RG,E07000041
EX29UA,E07000045
EX30EG,E07000041
EX30PD,E07000040
EX30PZ,E07000040
EX332FB,E07000043
EX387HQ,E07000046
EX392LB,E07000046
EX48DS,E07000041
EX51FY,E07000040
EX52UL,E07000040
EX81DL,E07000040
FK83AF,S12000030
FY42RP,E06000009
FY82NA,E07000119
FY85FT,E07000119
G11HJ,S12000049
G11RE,S12000049
G15DT,S12000049
G206NB,S12000049
G21AL,S12000049
G24JR,S12000049
G37NG,S12000049
G402AA,S12000049
G411EJ,S12000049
G412EH,S12000049
G413QG,S12000049
G50TS,S12000049
G58BE,S12000049
G642QG,S12000045
GL156AT,E07000080
GL22AT,E07000081
GL22BY,E07000082
GL29PG,E07000083
GL31JZ,E07000083
GL501TA,E07000078
GL501TY,E07000078
GL502JA,E07000078
GL502UD,E07000078
GL516RT,E07000078
GL51RN,E07000082
GL52BY,E07000082
GL52GQ,E07000082
GL52QG,E07000082
GL52TE,E07000082
GL530AN,E07000078
GL53RU,E07000082
GL542HQ,E07000079
GL60DU,E07000082
GL67LE,E07000082
GL67QN,E07000082
GL71QD,E07000079
GL72PP,E07000079
GL72PR,E07000079
GL75RX,E07000079
GL75SF,E07000079
GL76EU,E07000079
GL77EX,E07000079
GL88SQ,E07000079
GL91BX,E06000025
GU101PL,E07000216
GU103LJ,E07000216
GU11BA,E07000209
GU11SB,E07000209
GU12AB,E07000209
GU13DG,E07000209
GU13JF,E07000209
GU13RR,E07000209
GU13UW,E07000209
GU147PA,E07000092
GU152DJ,E07000214
GU153YL,E07000214
GU179AB,E07000089
GU195EU,E07000214
GU214PQ,E07000217
GU215BN,E07000217
GU220EX,E07000217
GU228BF,E07000217
GU237EF,E07000209
GU254EJ,E07000212
GU271PN,E07000216
GU272LA,E07000216
GU273SE,E07000216
GU27YD,E07000209
GU27YG,E07000209
GU323QA,E07000085
GU32AP,E07000209
GU33BH,E07000209
GU343QH,E07000085
GU50DY,E07000216
GU50LA,E07000216
GU67GB,E07000216
GU90NS,E07000216
GU97RX,E07000216
GU98NY,E07000216
HA04LW,E09000005
HA04QB,E09000005
HA11SX,E09000015
HA12EN,E09000015
HA1SX1,
HA98HD,E09000005
HD13AG,E08000034
HD76LS,E08000034
HD88JQ,E08000034
HG11EP,E06000065
HG11JX,E06000065
HG11ND,E06000065
HG20QB,E06000065
HG28ER,E06000065
HG28NA,E06000065
HG28PB,E06000065
HG31RZ,E06000065
HG45GZ,E06000065
HP111JU,E06000060
HP136RU,E06000060
HP160AL,E06000060
HP234RN,E07000096
HP25HL,E07000096
HP27DL,E07000096
HP39SZ,E07000096
HP42AB,E07000096
HP43BF,E07000096
HP43QR,E07000096
HP51PS,E06000060
HP70DB,E06000060
HP70FA,E06000060
HP84AX,E06000060
HP91QN,E06000060
HR14PT,E06000019
HR60LA,E06000019
HR60ND,E06000019
HR69HW,E06000019
HS75LU,S12000013
HU130EG,E06000011
HU130GD,E06000011
HU20HL,E06000010
HU51SW,E06000010
HU95LW,E06000010
HX28DB,E08000033
HX48AQ,E08000033
HX75HZ,E08000033
IP122TW,E07000244
IP144LE,E07000203
IP241JD,E07000143
IP287DE,E07000245
IP333TU,E07000245
IP60AE,E07000203
IP60LW,E07000203
IV169XJ,S12000017
IV304AF,S12000020
IV362AB,S12000020
IV363QJ,S12000020
IV88NZ,S12000017
KA88HJ,S12000028
KT12BA,E09000021
KT139LZ,E07000207
KT168AP,E07000212
KT174RH,E07000208
KT227TW,E07000210
KT229AD,E07000210
KT25BB,E09000021
KT64BH,E09000021
KT67LD,E09000021
KY62SL,S12000047
KY86JE,S12000047
L101LD,E08000012
L10AB,E08000012
L10AR,E08000012
L10AX,E08000012
L13BT,E08000012
L16AF,E08000012
L22DT,E08000012
L235SE,E08000014
L23YL,E08000012
L25RH,E08000012
L318BU,E08000014
L31HU,E08000012
L34AF,E08000012
L39LQ,E08000012
LA11EX,E07000121
LA14XQ,E07000121
LA14YQ,E07000121
LA62DY,E06000064
LA95RR,E06000064
LD23SH,W06000023
LD82UF,W06000023
LE128RS,E07000130
LE13DL,E06000016
LE142QS,E07000133
LE167WB,E07000131
LE167WB.,E07000131
LE16TE,E06000016
LE22FB,E07000135
LE672AA,E07000134
LE79WE,E07000131
LE80QZ,E07000131
LL145NS,W06000006
LL164LN,W06000004
LL219RR,W06000004
LL606AG,W06000001
LL616TQ,W06000001
LN11UB,E07000138
LN63QN,E07000139
LS101PZ,E08000035
LS115FD,E08000035
LS119YJ,E08000035
LS123BG,E08000035
LS12AD,E08000035
LS12BH,E08000035
LS12QH,E08000035
LS14DL,E08000035
LS166QG,E08000035
LS179BF,E08000035
LS184JR,E08000035
LS208LZ,E08000035
LS211FD,E08000035
LS237EG,E08000035
LS254DZ,E08000035
LS25DZ,E08000035
LS260NN,E08000035
LS27EA,E08000035
LS27HZ,E08000035
LS298JZ,E08000032
LS29NG,E08000035
LS82QB,E08000035
LS90DG,E08000035
LS97DR,E08000035
LS98AG,E08000035
LU12SJ,E06000032
LU14FU,E06000056
M11AN,E08000003
M11EA,E08000003
M11EY,E08000003
M126HS,E08000003
M12EJ,E08000003
M13BE,E08000003
M154PY,E08000003
M15AN,E08000003
M171GA,E08000009
M191NR,E08000003
M202SL,E08000003
M206TZ,E08000003
M225XB,E08000003
M22JT,E08000003
M23AW,E08000003
M23NX,E08000003
M253DZ,E08000002
M261LN,E08000002
M264AF,E08000002
M26HY,E08000003
M320QY,E08000009
M320RS,E08000009
M32BY,E08000003
M32EN,E08000003
M32LG,E08000003
M33EB,E08000003
M34AP,E08000003
M34JH,E08000003
M34LZ,E08000003
M35EQ,E08000006
M35NA,E08000006
M45AD,E08000003
M45DL,E08000003
M46AF,E08000003
M46BD,E08000003
M53EQ,E08000006
ME103HH,E07000113
ME130RU,E07000113
ME139EH,E07000113
ME149DA,E07000110
ME185LQ,E07000115
ME196QH,E07000115
ME207FE,E07000115
ME89RX,E06000035
MK111AY,E06000042
MK146LS,E06000042
MK36DP,E06000042
MK41GA,E06000042
MK443PX,E06000055
MK58FR,E06000042
MK58HJ,E06000042
ML14GP,S12000050
ML20EF,S12000050
N10GU,E09000019
N10QH,E09000019
N11QP,E09000019
N11SD,E09000019
N134BS,E09000010
N13DF,E09000019
N14BZ,E09000012
N14EN,E09000012
N14FG,E09000012
N153AD,E09000014
N154QL,E09000014
N15PH,E09000012
N15QT,E09000012
N15SB,E09000012
N160NS,E09000012
N167UU,E09000012
N168BH,E09000012
N16DA,E09000012
N16DD,E09000012
N16DR,E09000012
N16LP,E09000012
N16ND,E09000012
N16SH,E09000012
N17ED,E09000012
N17GU,E09000012
N17LY,E09000012
N17RF,E09000012
N17RR,E09000012
N17SG,E09000012
N17SR,E09000012
N17TA,E09000012
N17UX,E09000012
N183QT,E09000010
N18ED,E09000019
N19AB,E09000019
N19BE,E09000019
N19GU,E09000019
N19HS,E09000019
N19PP,E09000019
N19QW,E09000019
N1C4AG,E09000007
N1C4AX,E09000007
N31LF,E09000003
N31PA,E09000003
N31XW,E09000003
N32JX,E09000003
N42TG,E09000012
N43HH,E09000019
N43RW,E09000014
N52ER,E09000019
N65HX,E09000014
N77BL,E09000019
N79AH,E09000019
N79DP,E09000019
N79QH,E09000019
N89RR,E09000014
NE11EE,E08000021
NE128EG,E08000022
NE14BF,E08000021
NE16SQ,E08000021
NE209NH,E06000057
NE21TJ,E08000021
NE31LX,E08000021
NE45BZ,E08000021
NE49NR,E08000021
NE61LD,E08000021
NE662PF,E06000057
NE77LX,E08000021
NE81AN,E08000037
NG11HS,E06000018
NG11LL,E06000018
NG12AS,E06000018
NG15FW,E06000018
NG15GG,E06000018
NG163QU,E07000172
NG235HT,E07000141
NG237DX,E07000175
NG250LG,E07000175
NG26BT,E07000176
NG322LW,E07000141
NG323HL,E07000141
NG34GN,E06000018
NG84GP,E06000018
NN126BT,E06000062
NN128GX,E06000062
NN135GG,E06000062
NN157HH,E06000061
NN15LL,E06000062
NN46ET,E06000062
NN60BQ,E06000061
NN66HE,E06000062
NN69BX,E06000062
NN69EU,E06000062
NN69NU,E06000061
NN69QN,E06000062
NN95DU,E06000061
NN95HX,E06000061
NP108SQ,W06000022
NP115EY,W06000018
NP182LH,W06000022
NP443AU,W06000020
NP75AN,W06000021
NP78RG,W06000021
NR13NX,E07000148
NR22RA,E07000148
NR31AB,E07000148
NR31RQ,E07000148
NR347TQ,E07000244
NR47TJ,E07000148
NR66BB,E07000148
NR78SQ,E07000144
NR95SG,E07000144
NW102RJ,E09000005
NW102UR,E09000005
NW103HA,E09000005
NW106HJ,E09000009
NW106LD,E09000009
NW107AW,E09000005
NW107NU,E09000005
NW107SX,E09000009
NW10DU,E09000007
NW12HD,E09000007
NW13AL,E09000007
NW13AU,E09000033
NW13BF,E09000007
NW13ER,E09000007
NW14DF,E09000007
NW15QT,E09000033
NW16DD,E09000033
NW17DE,E09000007
NW17HP,E09000007
NW17JN,E09000007
NW17TH,E09000007
NW18AH,E09000007
NW18AW,E09000007
NW18NJ,E09000007
NW18YW,E09000007
NW19JX,E09000007
NW19LS,E09000007
NW34QG,E09000007
NW35JJ,E09000007
NW35JS,E09000007
NW35RN,E09000007
NW36HS,E09000007
NW51AG,E09000007
NW51LB,E09000007
NW51LP,E09000007
NW51RD,E09000007
NW51UG,E09000007
NW66BG,E09000005
NW66PA,E09000005
NW71RP,E09000003
NW71TG,E09000003
NW80AD,E09000033
NW80HJ,E09000007
NW96BX,E09000003
OL111RY,E08000005
OL112PX,E08000005
OX108BA,E07000179
OX110NJ,E07000179
OX117BF,E07000180
OX12NA,E07000178
OX136QT,E07000180
OX136SS,E07000180
OX13HA,E07000178
OX14ST,E07000178
OX161RH,E07000177
OX2-6BQ,E07000178
OX201TU,E07000181
OX20ES,E07000178
OX264UL,E07000177
OX266QB,E07000177
OX26BQ,E07000178
OX26PE,E07000178
OX26RJ,E07000178
OX278BL,E07000177
OX27SY,E07000178
OX27TF,E07000178
OX298LN,E07000181
OX299SX,E07000181
OX37BU,E07000178
OX41AW,E07000178
OX42SE,E07000178
OX447RW,E07000179
OX73EW,E07000181
OX75AD,E07000181
OX75BH,E07000181
OX75QR,E07000181
OX92AU,E07000179
PA497UN,S12000035
PA805XZ,S12000017
PE15XN,E06000031
PE198ER,E07000011
PE26BT,E06000031
PE26FY,E06000031
PE275BH,E07000011
PE45BN,E06000031
PH152AQ,S12000048
PH74JZ,S12000048
PL125NX,E06000052
PL144DH,E06000052
PL144TJ,E06000052
PL146BT,E06000052
PL157ED,E06000052
PL159LR,E06000052
PL189AX,E06000052
PL206QE,E07000047
PL207PY,E07000047
PL207UF,E07000047
PL259HU,E06000052
PL268WE,E06000052
PL277AE,E06000052
PL277UL,E06000052
PL75JX,E07000044
PL81JZ,E07000044
PO139FX,E07000088
PO155SH,E07000087
PO168AB,E07000087
PO207FD,E07000225
PO229FE,E07000224
PO317BH,E06000046
PO331PX,E06000046
PO35JS,E06000044
PO360NR,E06000046
PO382DF,E06000046
PO76XP,E07000094
PO91QJ,E07000090
POSTCODE,LADCD
PR11QE,E07000123
PR33ZQ,E07000124
RG109AJ,E06000041
RG109HJ,E06000041
RG121RW,E06000036
RG13BD,E06000038
RG13BE,E06000038
RG178NZ,E06000037
RG208AW,E06000037
RG214HG,E07000084
RG237EY,E07000084
RG244HG,E07000084
RG248PE,E07000084
RG252HX,E07000084
RG270NY,E07000089
RG279HA,E07000089
RG291LF,E07000089
RG304RU,E06000038
RG64UP,E06000041
RG71JQ,E06000041
RG72JB,E07000084
RG74AH,E06000037
RG75AW,E06000037
RG91NS,E07000179
RG92LT,E06000041
RG94QG,E07000179
RH101BF,E07000226
RH101DQ,E07000226
RH110NY,E07000227
RH13DR,E07000211
RH140LW,E07000225
RH14EJ,E07000215
RH161UA,E07000228
RH185BX,E07000065
RH185ED,E07000065
RH191UZ,E07000228
RH194LZ,E07000228
RH27HD,E07000211
RH27JN,E07000211
RH56RL,E07000209
RH56SX,E07000209
RH67JL,E07000211
RM139YQ,E09000016
RM166EW,E06000034
S14SF,E08000019
S201DJ,E08000018
S321AZ,E07000035
S330AL,E07000037
S331AZ,
S37BH,E08000019
S401UT,E07000034
S47UQ,E08000019
S605BL,E08000018
S72AF,E08000019
SA15AJ,W06000011
SA182LS,W06000010
SA360DT,W06000009
SA611QQ,W06000009
SA625LR,W06000009
SA626SD,W06000009
SE109QF,E09000011
SE10BS,E09000028
SE10DN,E09000028
SE10HS,E09000028
SE10HX,E09000028
SE10LH,E09000028
SE10QX,E09000028
SE10RF,E09000028
SE10UQ,E09000028
SE114AA,E09000022
SE114DS,E09000022
SE115DP,E09000022
SE115JH,E09000022
SE115RB,E09000022
SE11DN,E09000028
SE11LB,E09000028
SE11PP,E09000028
SE11QR,E09000028
SE11TY,E09000028
SE12BE,E09000028
SE12ES,E09000028
SE12HP,E09000028
SE12NQ,E09000028
SE12TU,E09000028
SE13DG,E09000028
SE13ER,E09000028
SE13LA,E09000028
SE13LE,E09000028
SE13XF,E09000028
SE14PG,E09000028
SE14PL,E09000028
SE14SN,E09000028
SE14YR,E09000028
SE153SN,E09000028
SE154RF,E09000028
SE163DH,E09000028
SE164DG,E09000028
SE16AW,E09000028
SE16BG,E09000028
SE16DP,E09000028
SE16FP,E09000028
SE173LJ,E09000028
SE17FP,E09000022
SE17LY,E09000022
SE17ND,E09000022
SE17PB,E09000022
SE17SJ,E09000022
SE17TY,E09000022
SE18HP,E09000028
SE18PB,E09000028
SE18SB,E09000022
SE18ST,E09000022
SE19BG,E09000028
SE19DG,E09000028
SE19EQ,E09000028
SE19PD,E09000028
SE19RS,E09000028
SE228HN,E09000028
SE50LH,E09000028
SE77NS,E09000011
SE95DY,E09000011
SG128HG,E07000242
SG138DU,E07000242
SG40TY,E07000099
SG47DP,E07000099
SG48DJ,E07000099
SG49QZ,E07000099
SG52DF,E07000099
SG53UW,E07000099
SG61LD,E07000099
SK104TG,E06000049
SK110LP,E06000049
SK30UX,E08000007
SK45BF,E08000007
SK45DZ,E08000007
SK97JE,E06000049
SL14DX,E06000039
SL17AH,E06000060
SL41RS,E06000040
SL50PP,E06000040
SL61EF,E06000040
SL71AW,E06000060
SL73RZ,E06000060
SL85LF,E06000060
SM14AF,E09000029
SM25AS,E09000029
SM25BN,E09000029
SM67AT,E09000029
SM68ND,E09000029
SN12NR,E06000030
SN130RP,E06000054
SN138ND,E06000054
SN138PN,E06000054
SN139BL,E06000054
SN139TZ,E06000054
SN13EB,E06000030
SN140LL,E06000054
SN148LE,E06000025
SN160RD,E06000054
SN169HP,E06000054
SN21NR,E06000030
SN28UY,E06000030
SN34UQ,E06000030
SN66DP,E06000054
SN68TY,E07000180
SN82BS,E06000054
SO143XB,E06000045
SO145FE,E06000045
SO152BE,E06000045
SO211QA,E07000094
SO237QL,E07000094
SO238SR,E07000094
SO239EH,E07000094
SO240EF,E07000085
SO249QH,E07000094
SO249TX,E07000084
SO418LW,E07000091
SO419AP,E07000091
SO419BH,E07000091
SO419GH,E07000091
SO427YF,E07000091
SO509FD,E07000086
SO519DG,E07000093
SP101LQ,E07000093
SP105RG,E07000093
SP78JE,E06000059
SP79AN,E06000054
SR53NZ,E08000024
SR53XB,E08000024
SS118YU,E07000066
SS54RG,E07000075
SS92RZ,E06000033
ST13JD,E06000021
ST150SS,E07000197
ST41QE,E06000021
ST48GB,E06000021
ST68JB,E06000021
SW1,
SW100AJ,E09000020
SW100BB,E09000020
SW100QJ,E09000020
SW109PJ,E09000020
SW111NJ,E09000032
SW114LR,E09000032
SW118BZ,E09000032
SW128BG,E09000032
SW130DB,E09000027
SW151AZ,E09000032
SW152TL,E09000032
SW165YP,E09000022
SW170BY,E09000032
SW170HB,E09000024
SW179RU,E09000032
SW181GB,E09000032
SW181UY,E09000032
SW182RS,E09000032
SW183QZ,E09000032
SW184GQ,E09000032
SW184QL,E09000032
SW184UQ,E09000032
SW191NE,E09000024
SW191SD,E09000024
SW192RR,E09000024
SW192TJ,E09000024
SW193WL,E09000024
SW197LL,E09000024
SW198UH,E09000024
SW1A2EL,E09000033
SW1A2EP,E09000033
SW1E6AJ,E09000033
SW1E6NF,E09000033
SW1H9AP,E09000033
SW1P1PH,E09000033
SW1P2BQ,E09000033
SW1P2JT,E09000033
SW1P2PD,E09000033
SW1P2PN,E09000033
SW1P3HP,E09000033
SW1V1JT,E09000033
SW1V1PX,E09000033
SW1V4HH,E09000033
SW1W0BD,E09000033
SW1W0DH,E09000033
SW1W9LT,E09000033
SW1W9SH,E09000033
SW1X7QA,E09000033
SW1Y4QU,E09000033
SW1Y5AD,E09000033
SW1Y5JG,E09000033
SW1Y6AF,E09000033
SW1Y6DN,E09000033
SW1Y6LB,E09000033
SW1Y6LX,E09000033
SW21NL,E09000022
SW22QP,E09000022
SW23ST,E09000022
SW23TH,E09000022
SW25SG,E09000022
SW31AF,E09000020
SW32EA,E09000020
SW32EP,E09000020
SW33BS,E09000020
SW46BB,E09000022
SW46BS,E09000022
SW46DH,E09000022
SW46JP,E09000022
SW62AP,E09000013
SW63BN,E09000013
SW64LZ,E09000013
SW64NZ,E09000013
SW64QL,E09000013
SW66TD,E09000013
SW66UA,E09000013
SW67JG,E09000013
SW72JN,E09000020
SW74AG,E09000020
SW81JU,E09000022
SW83NS,E09000032
SW84AS,E09000032
SW84BG,E09000032
SW85EL,E09000032
SW85PP,E09000032
SW9,
SW90FJ,E09000022
SW90QD,E09000022
SW96DE,E09000022
SW98DJ,E09000022
SW98FR,E09000022
SW98PQ,E09000022
SW99UH,E09000022
SY131AA,E06000051
SY13TG,E06000051
SY163BD,W06000023
SY225HU,W06000023
SY233AH,W06000008
SY25HA,E06000051
SY35AL,E06000051
TA12PL,E06000066
TA12PX,E06000066
TA204BZ,E06000066
TA42HQ,E06000066
TA51BA,E06000066
TA63DT,E06000066
TA64SY,E06000066
TA66TS,E06000066
TB91BE,
TD113HS,S12000026
TD152UZ,E06000057
TD57JD,S12000026
TN11LS,E07000116
TN126RR,E07000116
TN131XY,E07000111
TN171HE,E07000116
TN223BD,E07000065
TN225AA,E07000065
TN256SX,E07000105
TN25TE,E07000116
TN330YD,E07000064
TN48AS,E07000116
TN48BS,E07000116
TN91BE,E07000115
TQ110JU,E07000044
TQ110NR,E07000045
TQ124AA,E07000045
TQ137AX,E07000045
TQ138AR,E07000047
TQ138NU,E07000045
TQ13NT,E06000027
TQ25EG,E06000027
TQ71JL,E07000044
TQ71NL,E07000044
TQ73HH,E07000044
TQ95JA,E07000044
TQ95NU,E07000044
TQ96JB,E07000044
TQ96LH,E07000044
TQ97LQ,E07000044
TQ97UT,E07000044
TR108AE,E06000052
TR109DU,E06000052
TR11,
TR112DA,E06000052
TR113JJ,E06000052
TR114SN,E06000052
TR115AL,E06000052
TR11EX,E06000052
TR11QH,E06000052
TR11RN,E06000052
TR11XU,E06000052
TR12DJ,E06000052
TR12ES,E06000052
TR12JA,E06000052
TR12NA,E06000052
TR12PN,E06000052
TR139FJ,E06000052
TR139JX,E06000052
TR13FF,E06000052
TR153AJ,E06000052
TR165BU,E06000052
TR262AD,E06000052
TR36EE,E06000052
TR49JG,E06000052
TR49LD,E06000052
TR50NT,E06000052
TR50RD,E06000052
TR50UX,E06000052
TR72FP,E06000052
TR84GZ,E06000052
TR85LP,E06000052
TR85QR,E06000052
TR96FZ,E06000052
TS182NB,E06000004
TS183DB,E06000004
TS89XH,E06000002
TW106AS,E09000027
TW118EZ,E09000027
TW11RG,E09000027
TW129EG,E09000027
TW137LU,E09000018
TW13QS,E09000027
TW167EB,E07000213
TW179LQ,E07000213
TW76LS,E09000018
TW88BD,E09000018
TW89DN,E09000018
TW91AE,E09000027
TW91BN,E09000027
TW92JA,E09000027
TW92SX,E09000027
TW99LB,E09000027
UB111FE,E09000017
UB31HA,E09000017
UB40TH,E09000017
UB60FD,E09000009
UB68LZ,E09000009
UB68PW,E09000009
UB77PS,E09000017
UB81HB,E09000017
UK,
VARIOUS,
W104BQ,E09000005
W105AD,E09000020
W105BU,E09000020
W105JJ,E09000020
W112PB,E09000020
W113JS,E09000020
W114QA,E09000020
W12,
W120HT,E09000013
W127BA,E09000013
W127FP,E09000013
W127FQ,E09000013
W127FR,E09000013
W127RZ,E09000013
W129JW,E09000013
W140EE,E09000013
W140LN,E09000013
W1B2LB,E09000033
W1B3HH,E09000033
W1B4JD,E09000033
W1B5AN,E09000033
W1B5DF,E09000033
W1B5LR,E09000033
W1C1AY,E09000033
W1C2PE,E09000033
W1D3DH,E09000033
W1D3HD,E09000033
W1D3QL,E09000033
W1D3QR,E09000033
W1D3QX,E09000033
W1D3SG,E09000033
W1D4EG,E09000033
W1D4QF,E09000033
W1D4SN,E09000033
W1D6JL,E09000033
W1D7LG,E09000033
W1F0DQ,E09000033
W1F0QB,E09000033
W1F0UE,E09000033
W1F0UR,E09000033
W1F7DD,E09000033
W1F7JT,E09000033
W1F7LY,E09000033
W1F7NY,E09000033
W1F8AJ,E09000033
W1F8DU,E09000033
W1F8EH,E09000033
W1F8GG,E09000033
W1F8GQ,E09000033
W1F8WE,E09000033
W1F9BQ,E09000033
W1F9JE,E09000033
W1F9RU,E09000033
W1F9SN,E09000033
W1F9SR,E09000033
W1F9SX,E09000033
W1G0EF,E09000033
W1G0PE,E09000033
W1G0PW,E09000033
W1H1PJ,E09000033
W1H6AZ,E09000033
W1H6LT,E09000033
W1H7BP,E09000033
W1J5BF,E09000033
W1J5JF,E09000033
W1J5NQ,E09000033
W1J6BD,E09000033
W1J6BX,E09000033
W1J6QH,E09000033
W1J8DZ,E09000033
W1J9EH,E09000033
W1J9EJ,E09000033
W1K1QW,E09000033
W1K3JE,E09000033
W1K5JH,E09000033
W1K5RG,E09000033
W1K6PL,E09000033
W1K7PZ,E09000033
W1S1BG,E09000033
W1S2ES,E09000033
W1S2PD,E09000033
W1S2TQ,E09000033
W1S3PT,E09000033
W1T1AL,E09000007
W1T1AN,E09000007
W1T1HJ,E09000033
W1T1JU,E09000033
W1T1PB,E09000033
W1T1QU,E09000007
W1T1QY,E09000033
W1T1RS,E09000007
W1T1SW,E09000007
W1T2QA,E09000007
W1T3JH,E09000033
W1T3JW,E09000033
W1T3LN,E09000033
W1T3PH,E09000033
W1T3QE,E09000033
W1T3QH,E09000033
W1T4JY,E09000007
W1T4QA,E09000007
W1T4RH,E09000007
W1T4TQ,E09000007
W1T6EB,E09000007
W1T7QZ,E09000007
W1U1JW,E09000033
W1U3AP,E09000033
W1U3DA,E09000033
W1U4LZ,E09000033
W1U5JU,E09000033
W1U5LR,E09000033
W1U6AG,E09000033
W1U6BP,E09000033
W1U6HD,E09000033
W1U6JQ,E09000033
W1U7EN,E09000033
W1U7EU,E09000033
W1U7HW,E09000033
W1U7QE,E09000033
W1V4LA,E09000033
W1W5PF,E09000033
W1W5QZ,E09000033
W1W6BP,E09000033
W1W7LT,E09000033
W1W7RT,E09000033
W1W7TE,E09000033
W1W7TL,E09000033
W1W8AJ,E09000033
W1W8AW,E09000033
W1W8AZ,E09000033
W1W8BJ,E09000033
W21AY,E09000033
W21BE,E09000033
W21FT,E09000033
W21JQ,E09000033
W25EU,E09000033
W26LG,E09000033
W30BZ,E09000009
W38BL,E09000009
W41QU,E09000018
W42LJ,E09000018
W45LE,E09000009
W45PY,E09000018
W45QB,E09000018
W45YG,E09000018
W51TP,E09000009
W52AB,E09000009
W55LL,E09000009
W60ED,E09000013
W60LE,E09000013
W60NB,E09000013
W60NQ,E09000013
W60NS,E09000013
W60RR,E09000013
W67JP,E09000013
W67NL,E09000013
W84DB,E09000020
W85EH,E09000020
W85HD,E09000020
W87AS,E09000020
W92HH,E09000033
WA119UX,E08000013
WA141DY,E08000009
WA141EP,E08000009
WA141HG,E08000009
WA142DP,E08000009
WA166HA,E06000049
WA169RZ,E06000049
WA32BP,E08000010
WA46HL,E06000007
WA80WN,E06000006
WC1A1EU,E09000007
WC1A1HB,E09000007
WC1A1HH,E09000007
WC1H9SN,E09000007
WC1N1NN,E09000007
WC1N2LD,E09000007
WC1N3AX,E09000007
WC1N3DB,E09000007
WC1N3QA,E09000007
WC1N3QL,E09000007
WC1R4LR,E09000007
WC1V6AZ,E09000007
WC1V6BX,E09000007
WC1V6DF,E09000007
WC1V6HG,E09000007
WC1V6JS,E09000007
WC1V6LJ,E09000007
WC1V7QH,E09000001
WC1X0HF,E09000007
WC1X0ND,E09000007
WC1X8HB,E09000007
WC1X8LU,E09000007
WC2A1AN,E09000001
WC2A1AP,E09000001
WC2A1HP,E09000001
WC2A1LG,E09000001
WC2A1LS,E09000001
WC2A2JR,E09000033
WC2A3TH,E09000007
WC2B4HN,E09000033
WC2B5LB,E09000007
WC2B5LR,E09000007
WC2B6ST,E09000007
WC2E7AU,E09000033
WC2E9BF,E09000033
WC2E9DP,E09000033
WC2E9JY,E09000033
WC2H7DQ,E09000033
WC2H7HF,E09000033
WC2H9JQ,E09000007
WC2H9LL,E09000007
WC2N4JS,E09000033
WC2N5DS,E09000033
WC2N6JU,E09000033
WC2R0DT,E09000033
WC2R0HS,E09000033
WC2R0LR,E09000033
WC2R0QS,E09000033
WC2R1AT,E09000033
WC2R1LA,E09000033
WD171HP,E07000103
WD188PH,E07000103
WD247RY,E07000103
WD247XA,E07000103
WD35LH,E07000102
WD48RQ,E07000102
WD61JH,E07000098
WD61JN,E07000098
WD61QQ,E07000098
WD62BT,E07000098
WD63JS,E07000098
WD63SZ,E07000098
WF148HE,E08000034
WF179LN,E08000034
WN60HN,E08000010
WR11HD,E07000237
WR127AL,E07000238
WR12QY,E07000237
WR144QG,E07000235
WR24JP,E07000237
WR49FP,E07000237
WR52QX,E07000237
WR66LG,E07000235
WR66TG,E07000235
WS98TZ,E08000030
WV23JA,E08000031
YO178AX,E06000065
YO18QG,E06000014
YO258HG,E06000011
YO411AR,E06000065
